{"cameraMode":{"drawMode":0,"name":"Shaded","section":"Shading Mode"},"sceneLighting":true,"audioPlay":false,"sceneViewState":{"showFog":true,"showMaterialUpdate":false,"showSkybox":true,"showFlares":true,"showImageEffects":true,"showParticleSystems":true},"in2DMode":false,"pivot":{"x":0.023284047842025758,"y":0.6362747550010681,"z":0.050210852175951007},"rotation":{"x":-0.1507977992296219,"y":-0.700738251209259,"z":0.15546110272407533,"w":-0.6797707080841065},"size":1.5476009845733643,"orthographic":false}